Constituent fund name,Date,Currency,NAV / unit
Manulife MPF North American Equity Fund,02/10/2019,HKD,16.374
Manulife MPF North American Equity Fund,03/10/2019,HKD,16.541
Manulife MPF North American Equity Fund,04/10/2019,HKD,16.771
Manulife MPF North American Equity Fund,08/10/2019,HKD,16.427
Manulife MPF North American Equity Fund,09/10/2019,HKD,16.608
Manulife MPF North American Equity Fund,10/10/2019,HKD,16.687
Manulife MPF North American Equity Fund,11/10/2019,HKD,16.900
Manulife MPF North American Equity Fund,14/10/2019,HKD,16.890
Manulife MPF North American Equity Fund,15/10/2019,HKD,17.118
Manulife MPF North American Equity Fund,16/10/2019,HKD,17.050
Manulife MPF North American Equity Fund,17/10/2019,HKD,17.104
Manulife MPF North American Equity Fund,18/10/2019,HKD,16.957
Manulife MPF North American Equity Fund,21/10/2019,HKD,17.084
Manulife MPF North American Equity Fund,22/10/2019,HKD,16.974
Manulife MPF North American Equity Fund,23/10/2019,HKD,17.033
Manulife MPF North American Equity Fund,24/10/2019,HKD,17.125
Manulife MPF North American Equity Fund,25/10/2019,HKD,17.145
Manulife MPF North American Equity Fund,28/10/2019,HKD,17.243
Manulife MPF North American Equity Fund,29/10/2019,HKD,17.205
Manulife MPF North American Equity Fund,30/10/2019,HKD,17.282
Manulife MPF North American Equity Fund,31/10/2019,HKD,17.231
Manulife MPF North American Equity Fund,01/11/2019,HKD,17.413
Manulife MPF North American Equity Fund,04/11/2019,HKD,17.447
Manulife MPF North American Equity Fund,05/11/2019,HKD,17.387
Manulife MPF North American Equity Fund,06/11/2019,HKD,17.363
Manulife MPF North American Equity Fund,07/11/2019,HKD,17.431
Manulife MPF North American Equity Fund,08/11/2019,HKD,17.493
Manulife MPF North American Equity Fund,11/11/2019,HKD,17.484
Manulife MPF North American Equity Fund,12/11/2019,HKD,17.532
Manulife MPF North American Equity Fund,13/11/2019,HKD,17.522
Manulife MPF North American Equity Fund,14/11/2019,HKD,17.560
Manulife MPF North American Equity Fund,15/11/2019,HKD,17.704
Manulife MPF North American Equity Fund,18/11/2019,HKD,17.732
Manulife MPF North American Equity Fund,19/11/2019,HKD,17.793
Manulife MPF North American Equity Fund,20/11/2019,HKD,17.728
Manulife MPF North American Equity Fund,21/11/2019,HKD,17.683
Manulife MPF North American Equity Fund,22/11/2019,HKD,17.729
Manulife MPF North American Equity Fund,25/11/2019,HKD,17.924
Manulife MPF North American Equity Fund,26/11/2019,HKD,17.967
Manulife MPF North American Equity Fund,27/11/2019,HKD,18.045
Manulife MPF North American Equity Fund,28/11/2019,HKD,18.041
Manulife MPF North American Equity Fund,29/11/2019,HKD,17.973
Manulife MPF North American Equity Fund,02/12/2019,HKD,17.780
Manulife MPF North American Equity Fund,03/12/2019,HKD,17.663
Manulife MPF North American Equity Fund,04/12/2019,HKD,17.726
Manulife MPF North American Equity Fund,05/12/2019,HKD,17.742
Manulife MPF North American Equity Fund,06/12/2019,HKD,17.895
Manulife MPF North American Equity Fund,09/12/2019,HKD,17.823
Manulife MPF North American Equity Fund,10/12/2019,HKD,17.781
Manulife MPF North American Equity Fund,11/12/2019,HKD,17.830
Manulife MPF North American Equity Fund,12/12/2019,HKD,17.917
Manulife MPF North American Equity Fund,13/12/2019,HKD,17.924
Manulife MPF North American Equity Fund,16/12/2019,HKD,18.069
Manulife MPF North American Equity Fund,17/12/2019,HKD,18.066
Manulife MPF North American Equity Fund,18/12/2019,HKD,18.084
Manulife MPF North American Equity Fund,19/12/2019,HKD,18.190
Manulife MPF North American Equity Fund,20/12/2019,HKD,18.271
Manulife MPF North American Equity Fund,23/12/2019,HKD,18.268
Manulife MPF North American Equity Fund,24/12/2019,HKD,18.262
Manulife MPF North American Equity Fund,27/12/2019,HKD,18.414
Manulife MPF North American Equity Fund,30/12/2019,HKD,18.276
Manulife MPF North American Equity Fund,31/12/2019,HKD,18.312
Manulife MPF North American Equity Fund,02/01/2020,HKD,18.565
Manulife MPF North American Equity Fund,03/01/2020,HKD,18.403
Manulife MPF North American Equity Fund,06/01/2020,HKD,18.519
Manulife MPF North American Equity Fund,07/01/2020,HKD,18.487
Manulife MPF North American Equity Fund,08/01/2020,HKD,18.609
Manulife MPF North American Equity Fund,09/01/2020,HKD,18.720
Manulife MPF North American Equity Fund,10/01/2020,HKD,18.689
Manulife MPF North American Equity Fund,13/01/2020,HKD,18.824
Manulife MPF North American Equity Fund,14/01/2020,HKD,18.791
Manulife MPF North American Equity Fund,15/01/2020,HKD,18.832
Manulife MPF North American Equity Fund,16/01/2020,HKD,19.022
Manulife MPF North American Equity Fund,17/01/2020,HKD,19.093
Manulife MPF North American Equity Fund,20/01/2020,HKD,19.089
Manulife MPF North American Equity Fund,21/01/2020,HKD,19.053
Manulife MPF North American Equity Fund,22/01/2020,HKD,19.054
Manulife MPF North American Equity Fund,23/01/2020,HKD,19.064
Manulife MPF North American Equity Fund,24/01/2020,HKD,18.854
Manulife MPF North American Equity Fund,29/01/2020,HKD,18.778
Manulife MPF North American Equity Fund,30/01/2020,HKD,18.821
Manulife MPF North American Equity Fund,31/01/2020,HKD,18.542
Manulife MPF North American Equity Fund,03/02/2020,HKD,18.726
Manulife MPF North American Equity Fund,04/02/2020,HKD,19.058
Manulife MPF North American Equity Fund,05/02/2020,HKD,19.159
Manulife MPF North American Equity Fund,06/02/2020,HKD,19.201
Manulife MPF North American Equity Fund,07/02/2020,HKD,19.133
Manulife MPF North American Equity Fund,10/02/2020,HKD,19.313
Manulife MPF North American Equity Fund,11/02/2020,HKD,19.329
Manulife MPF North American Equity Fund,12/02/2020,HKD,19.505
Manulife MPF North American Equity Fund,13/02/2020,HKD,19.480
Manulife MPF North American Equity Fund,14/02/2020,HKD,19.511
Manulife MPF North American Equity Fund,17/02/2020,HKD,19.510
Manulife MPF North American Equity Fund,18/02/2020,HKD,19.511
Manulife MPF North American Equity Fund,19/02/2020,HKD,19.630
Manulife MPF North American Equity Fund,20/02/2020,HKD,19.500
Manulife MPF North American Equity Fund,21/02/2020,HKD,19.191
Manulife MPF North American Equity Fund,24/02/2020,HKD,18.467
Manulife MPF North American Equity Fund,25/02/2020,HKD,17.897
Manulife MPF North American Equity Fund,26/02/2020,HKD,17.848
Manulife MPF North American Equity Fund,27/02/2020,HKD,17.115
Manulife MPF North American Equity Fund,28/02/2020,HKD,17.083
Manulife MPF North American Equity Fund,02/03/2020,HKD,17.759
Manulife MPF North American Equity Fund,03/03/2020,HKD,17.203
Manulife MPF North American Equity Fund,04/03/2020,HKD,17.858
Manulife MPF North American Equity Fund,05/03/2020,HKD,17.211
Manulife MPF North American Equity Fund,06/03/2020,HKD,16.905
Manulife MPF North American Equity Fund,09/03/2020,HKD,15.605
Manulife MPF North American Equity Fund,10/03/2020,HKD,16.435
Manulife MPF North American Equity Fund,11/03/2020,HKD,15.668
Manulife MPF North American Equity Fund,12/03/2020,HKD,14.253
Manulife MPF North American Equity Fund,13/03/2020,HKD,15.488
Manulife MPF North American Equity Fund,16/03/2020,HKD,13.562
Manulife MPF North American Equity Fund,17/03/2020,HKD,14.201
Manulife MPF North American Equity Fund,18/03/2020,HKD,13.475
Manulife MPF North American Equity Fund,19/03/2020,HKD,13.754
Manulife MPF North American Equity Fund,20/03/2020,HKD,13.330
Manulife MPF North American Equity Fund,23/03/2020,HKD,12.983
Manulife MPF North American Equity Fund,24/03/2020,HKD,14.211
Manulife MPF North American Equity Fund,25/03/2020,HKD,14.379
Manulife MPF North American Equity Fund,26/03/2020,HKD,15.155
Manulife MPF North American Equity Fund,27/03/2020,HKD,14.543
Manulife MPF North American Equity Fund,30/03/2020,HKD,14.985
Manulife MPF North American Equity Fund,31/03/2020,HKD,14.832
Manulife MPF North American Equity Fund,01/04/2020,HKD,14.115
Manulife MPF North American Equity Fund,02/04/2020,HKD,14.313
Manulife MPF North American Equity Fund,03/04/2020,HKD,14.021
Manulife MPF North American Equity Fund,06/04/2020,HKD,15.143
Manulife MPF North American Equity Fund,07/04/2020,HKD,15.156
Manulife MPF North American Equity Fund,08/04/2020,HKD,15.730
Manulife MPF North American Equity Fund,09/04/2020,HKD,15.933
Manulife MPF North American Equity Fund,14/04/2020,HKD,16.337
Manulife MPF North American Equity Fund,15/04/2020,HKD,16.051
Manulife MPF North American Equity Fund,16/04/2020,HKD,16.183
Manulife MPF North American Equity Fund,17/04/2020,HKD,16.564
Manulife MPF North American Equity Fund,20/04/2020,HKD,16.330
Manulife MPF North American Equity Fund,21/04/2020,HKD,15.794
Manulife MPF North American Equity Fund,22/04/2020,HKD,16.192
Manulife MPF North American Equity Fund,23/04/2020,HKD,16.239
Manulife MPF North American Equity Fund,24/04/2020,HKD,16.469
Manulife MPF North American Equity Fund,27/04/2020,HKD,16.735
Manulife MPF North American Equity Fund,28/04/2020,HKD,16.604
Manulife MPF North American Equity Fund,29/04/2020,HKD,17.250
Manulife MPF North American Equity Fund,04/05/2020,HKD,16.795
Manulife MPF North American Equity Fund,05/05/2020,HKD,16.969
Manulife MPF North American Equity Fund,06/05/2020,HKD,16.969
Manulife MPF North American Equity Fund,07/05/2020,HKD,17.215
Manulife MPF North American Equity Fund,08/05/2020,HKD,17.469
Manulife MPF North American Equity Fund,11/05/2020,HKD,17.501
Manulife MPF North American Equity Fund,12/05/2020,HKD,17.137
Manulife MPF North American Equity Fund,13/05/2020,HKD,16.796
Manulife MPF North American Equity Fund,14/05/2020,HKD,17.030
Manulife MPF North American Equity Fund,15/05/2020,HKD,17.169
Manulife MPF North American Equity Fund,18/05/2020,HKD,17.674
Manulife MPF North American Equity Fund,19/05/2020,HKD,17.602
Manulife MPF North American Equity Fund,20/05/2020,HKD,17.955
Manulife MPF North American Equity Fund,21/05/2020,HKD,17.829
Manulife MPF North American Equity Fund,22/05/2020,HKD,17.922
Manulife MPF North American Equity Fund,25/05/2020,HKD,17.919
Manulife MPF North American Equity Fund,26/05/2020,HKD,18.106
Manulife MPF North American Equity Fund,27/05/2020,HKD,18.349
Manulife MPF North American Equity Fund,28/05/2020,HKD,18.258
Manulife MPF North American Equity Fund,29/05/2020,HKD,18.352
Manulife MPF North American Equity Fund,01/06/2020,HKD,18.489
Manulife MPF North American Equity Fund,02/06/2020,HKD,18.638
Manulife MPF North American Equity Fund,03/06/2020,HKD,18.878
Manulife MPF North American Equity Fund,04/06/2020,HKD,18.729
Manulife MPF North American Equity Fund,05/06/2020,HKD,19.163
Manulife MPF North American Equity Fund,08/06/2020,HKD,19.329
Manulife MPF North American Equity Fund,09/06/2020,HKD,19.320
Manulife MPF North American Equity Fund,10/06/2020,HKD,19.298
Manulife MPF North American Equity Fund,11/06/2020,HKD,18.207
Manulife MPF North American Equity Fund,12/06/2020,HKD,18.452
Manulife MPF North American Equity Fund,15/06/2020,HKD,18.665
Manulife MPF North American Equity Fund,16/06/2020,HKD,19.005
Manulife MPF North American Equity Fund,17/06/2020,HKD,18.985
Manulife MPF North American Equity Fund,18/06/2020,HKD,19.019
Manulife MPF North American Equity Fund,19/06/2020,HKD,18.939
Manulife MPF North American Equity Fund,22/06/2020,HKD,19.114
Manulife MPF North American Equity Fund,23/06/2020,HKD,19.256
Manulife MPF North American Equity Fund,24/06/2020,HKD,18.736
Manulife MPF North American Equity Fund,26/06/2020,HKD,18.418
Manulife MPF North American Equity Fund,29/06/2020,HKD,18.637
Manulife MPF North American Equity Fund,30/06/2020,HKD,18.961
Manulife MPF North American Equity Fund,02/07/2020,HKD,19.250
Manulife MPF North American Equity Fund,03/07/2020,HKD,19.247
Manulife MPF North American Equity Fund,06/07/2020,HKD,19.655
Manulife MPF North American Equity Fund,07/07/2020,HKD,19.456
Manulife MPF North American Equity Fund,08/07/2020,HKD,19.724
Manulife MPF North American Equity Fund,09/07/2020,HKD,19.671
Manulife MPF North American Equity Fund,10/07/2020,HKD,19.857
Manulife MPF North American Equity Fund,13/07/2020,HKD,19.489
Manulife MPF North American Equity Fund,14/07/2020,HKD,19.690
Manulife MPF North American Equity Fund,15/07/2020,HKD,19.839
Manulife MPF North American Equity Fund,16/07/2020,HKD,19.746
Manulife MPF North American Equity Fund,17/07/2020,HKD,19.744
Manulife MPF North American Equity Fund,20/07/2020,HKD,20.114
Manulife MPF North American Equity Fund,21/07/2020,HKD,20.037
Manulife MPF North American Equity Fund,22/07/2020,HKD,20.087
Manulife MPF North American Equity Fund,23/07/2020,HKD,19.740
Manulife MPF North American Equity Fund,24/07/2020,HKD,19.629
Manulife MPF North American Equity Fund,27/07/2020,HKD,19.829
Manulife MPF North American Equity Fund,28/07/2020,HKD,19.653
Manulife MPF North American Equity Fund,29/07/2020,HKD,19.980
Manulife MPF North American Equity Fund,30/07/2020,HKD,19.948
Manulife MPF North American Equity Fund,31/07/2020,HKD,20.152
Manulife MPF North American Equity Fund,03/08/2020,HKD,20.309
Manulife MPF North American Equity Fund,04/08/2020,HKD,20.335
Manulife MPF North American Equity Fund,05/08/2020,HKD,20.504
Manulife MPF North American Equity Fund,06/08/2020,HKD,20.697
Manulife MPF North American Equity Fund,07/08/2020,HKD,20.599
Manulife MPF North American Equity Fund,10/08/2020,HKD,20.549
Manulife MPF North American Equity Fund,11/08/2020,HKD,20.344
Manulife MPF North American Equity Fund,12/08/2020,HKD,20.646
Manulife MPF North American Equity Fund,13/08/2020,HKD,20.699
Manulife MPF North American Equity Fund,14/08/2020,HKD,20.658
Manulife MPF North American Equity Fund,17/08/2020,HKD,20.741
Manulife MPF North American Equity Fund,18/08/2020,HKD,20.859
Manulife MPF North American Equity Fund,19/08/2020,HKD,20.769
Manulife MPF North American Equity Fund,20/08/2020,HKD,20.928
Manulife MPF North American Equity Fund,21/08/2020,HKD,20.972
Manulife MPF North American Equity Fund,24/08/2020,HKD,21.154
Manulife MPF North American Equity Fund,25/08/2020,HKD,21.325
Manulife MPF North American Equity Fund,26/08/2020,HKD,21.758
Manulife MPF North American Equity Fund,27/08/2020,HKD,21.713
Manulife MPF North American Equity Fund,28/08/2020,HKD,21.902
Manulife MPF North American Equity Fund,31/08/2020,HKD,21.851
Manulife MPF North American Equity Fund,01/09/2020,HKD,22.148
Manulife MPF North American Equity Fund,02/09/2020,HKD,22.425
Manulife MPF North American Equity Fund,03/09/2020,HKD,21.557
Manulife MPF North American Equity Fund,04/09/2020,HKD,21.222
Manulife MPF North American Equity Fund,07/09/2020,HKD,21.220
Manulife MPF North American Equity Fund,08/09/2020,HKD,20.524
Manulife MPF North American Equity Fund,09/09/2020,HKD,20.945
Manulife MPF North American Equity Fund,10/09/2020,HKD,20.581
Manulife MPF North American Equity Fund,11/09/2020,HKD,20.483
Manulife MPF North American Equity Fund,14/09/2020,HKD,20.722
Manulife MPF North American Equity Fund,15/09/2020,HKD,20.836
Manulife MPF North American Equity Fund,16/09/2020,HKD,20.675
Manulife MPF North American Equity Fund,17/09/2020,HKD,20.440
Manulife MPF North American Equity Fund,18/09/2020,HKD,20.209
Manulife MPF North American Equity Fund,21/09/2020,HKD,20.037
Manulife MPF North American Equity Fund,22/09/2020,HKD,20.381
Manulife MPF North American Equity Fund,23/09/2020,HKD,19.843
Manulife MPF North American Equity Fund,24/09/2020,HKD,19.919
Manulife MPF North American Equity Fund,25/09/2020,HKD,20.284
Manulife MPF North American Equity Fund,28/09/2020,HKD,20.630
Manulife MPF North American Equity Fund,29/09/2020,HKD,20.584
Manulife MPF North American Equity Fund,30/09/2020,HKD,20.716
Manulife MPF North American Equity Fund,05/10/2020,HKD,21.041
Manulife MPF North American Equity Fund,06/10/2020,HKD,20.702
Manulife MPF North American Equity Fund,07/10/2020,HKD,21.076
Manulife MPF North American Equity Fund,08/10/2020,HKD,21.221
Manulife MPF North American Equity Fund,09/10/2020,HKD,21.477
Manulife MPF North American Equity Fund,12/10/2020,HKD,21.895
Manulife MPF North American Equity Fund,14/10/2020,HKD,21.602
Manulife MPF North American Equity Fund,15/10/2020,HKD,21.501
Manulife MPF North American Equity Fund,16/10/2020,HKD,21.473
Manulife MPF North American Equity Fund,19/10/2020,HKD,21.101
Manulife MPF North American Equity Fund,20/10/2020,HKD,21.213
Manulife MPF North American Equity Fund,21/10/2020,HKD,21.174
Manulife MPF North American Equity Fund,22/10/2020,HKD,21.210
Manulife MPF North American Equity Fund,23/10/2020,HKD,21.351
Manulife MPF North American Equity Fund,27/10/2020,HKD,20.958
Manulife MPF North American Equity Fund,28/10/2020,HKD,20.183
Manulife MPF North American Equity Fund,29/10/2020,HKD,20.471
Manulife MPF North American Equity Fund,30/10/2020,HKD,20.056
Manulife MPF North American Equity Fund,02/11/2020,HKD,20.150
Manulife MPF North American Equity Fund,03/11/2020,HKD,20.542
Manulife MPF North American Equity Fund,04/11/2020,HKD,21.375
Manulife MPF North American Equity Fund,05/11/2020,HKD,21.863
Manulife MPF North American Equity Fund,06/11/2020,HKD,21.823
Manulife MPF North American Equity Fund,09/11/2020,HKD,21.859
Manulife MPF North American Equity Fund,10/11/2020,HKD,21.611
Manulife MPF North American Equity Fund,11/11/2020,HKD,21.909
Manulife MPF North American Equity Fund,12/11/2020,HKD,21.722
Manulife MPF North American Equity Fund,13/11/2020,HKD,21.943
Manulife MPF North American Equity Fund,16/11/2020,HKD,22.107
Manulife MPF North American Equity Fund,17/11/2020,HKD,22.051
Manulife MPF North American Equity Fund,18/11/2020,HKD,21.825
Manulife MPF North American Equity Fund,19/11/2020,HKD,21.939
Manulife MPF North American Equity Fund,20/11/2020,HKD,21.718
Manulife MPF North American Equity Fund,23/11/2020,HKD,21.837
Manulife MPF North American Equity Fund,24/11/2020,HKD,22.197
Manulife MPF North American Equity Fund,25/11/2020,HKD,22.238
Manulife MPF North American Equity Fund,26/11/2020,HKD,22.237
Manulife MPF North American Equity Fund,27/11/2020,HKD,22.371
Manulife MPF North American Equity Fund,30/11/2020,HKD,22.253
Manulife MPF North American Equity Fund,01/12/2020,HKD,22.522
Manulife MPF North American Equity Fund,02/12/2020,HKD,22.547
Manulife MPF North American Equity Fund,03/12/2020,HKD,22.497
Manulife MPF North American Equity Fund,04/12/2020,HKD,22.644
Manulife MPF North American Equity Fund,07/12/2020,HKD,22.683
Manulife MPF North American Equity Fund,08/12/2020,HKD,22.677
Manulife MPF North American Equity Fund,09/12/2020,HKD,22.341
Manulife MPF North American Equity Fund,10/12/2020,HKD,22.374
Manulife MPF North American Equity Fund,11/12/2020,HKD,22.330
Manulife MPF North American Equity Fund,14/12/2020,HKD,22.342
Manulife MPF North American Equity Fund,15/12/2020,HKD,22.579
Manulife MPF North American Equity Fund,16/12/2020,HKD,22.710
Manulife MPF North American Equity Fund,17/12/2020,HKD,22.896
Manulife MPF North American Equity Fund,18/12/2020,HKD,22.849
Manulife MPF North American Equity Fund,21/12/2020,HKD,22.847
Manulife MPF North American Equity Fund,22/12/2020,HKD,22.836
Manulife MPF North American Equity Fund,23/12/2020,HKD,22.803
Manulife MPF North American Equity Fund,24/12/2020,HKD,22.866
Manulife MPF North American Equity Fund,28/12/2020,HKD,23.092
Manulife MPF North American Equity Fund,29/12/2020,HKD,23.062
Manulife MPF North American Equity Fund,30/12/2020,HKD,23.025
Manulife MPF North American Equity Fund,31/12/2020,HKD,23.091
Manulife MPF North American Equity Fund,04/01/2021,HKD,22.720
Manulife MPF North American Equity Fund,05/01/2021,HKD,22.870
Manulife MPF North American Equity Fund,06/01/2021,HKD,22.858
Manulife MPF North American Equity Fund,07/01/2021,HKD,23.299
Manulife MPF North American Equity Fund,08/01/2021,HKD,23.425
Manulife MPF North American Equity Fund,11/01/2021,HKD,23.247
Manulife MPF North American Equity Fund,12/01/2021,HKD,23.186
Manulife MPF North American Equity Fund,13/01/2021,HKD,23.231
Manulife MPF North American Equity Fund,14/01/2021,HKD,23.038
Manulife MPF North American Equity Fund,15/01/2021,HKD,22.905
Manulife MPF North American Equity Fund,18/01/2021,HKD,22.902
Manulife MPF North American Equity Fund,19/01/2021,HKD,23.134
Manulife MPF North American Equity Fund,20/01/2021,HKD,23.619
Manulife MPF North American Equity Fund,21/01/2021,HKD,23.688
Manulife MPF North American Equity Fund,22/01/2021,HKD,23.624
Manulife MPF North American Equity Fund,25/01/2021,HKD,23.655
Manulife MPF North American Equity Fund,26/01/2021,HKD,23.616
Manulife MPF North American Equity Fund,27/01/2021,HKD,22.885
Manulife MPF North American Equity Fund,28/01/2021,HKD,23.153
Manulife MPF North American Equity Fund,29/01/2021,HKD,22.747
Manulife MPF North American Equity Fund,01/02/2021,HKD,23.227
Manulife MPF North American Equity Fund,02/02/2021,HKD,23.689
Manulife MPF North American Equity Fund,03/02/2021,HKD,23.715
Manulife MPF North American Equity Fund,04/02/2021,HKD,23.976
Manulife MPF North American Equity Fund,05/02/2021,HKD,24.103
Manulife MPF North American Equity Fund,08/02/2021,HKD,24.278
Manulife MPF North American Equity Fund,09/02/2021,HKD,24.272
Manulife MPF North American Equity Fund,10/02/2021,HKD,24.328
Manulife MPF North American Equity Fund,11/02/2021,HKD,24.403
Manulife MPF North American Equity Fund,16/02/2021,HKD,24.457
Manulife MPF North American Equity Fund,17/02/2021,HKD,24.401
Manulife MPF North American Equity Fund,18/02/2021,HKD,24.287
Manulife MPF North American Equity Fund,19/02/2021,HKD,24.236
Manulife MPF North American Equity Fund,22/02/2021,HKD,23.946
Manulife MPF North American Equity Fund,23/02/2021,HKD,24.007
Manulife MPF North American Equity Fund,24/02/2021,HKD,24.221
Manulife MPF North American Equity Fund,25/02/2021,HKD,23.457
Manulife MPF North American Equity Fund,26/02/2021,HKD,23.454
Manulife MPF North American Equity Fund,01/03/2021,HKD,24.038
Manulife MPF North American Equity Fund,02/03/2021,HKD,23.838
Manulife MPF North American Equity Fund,03/03/2021,HKD,23.367
Manulife MPF North American Equity Fund,04/03/2021,HKD,23.109
Manulife MPF North American Equity Fund,05/03/2021,HKD,23.515
Manulife MPF North American Equity Fund,08/03/2021,HKD,23.232
Manulife MPF North American Equity Fund,09/03/2021,HKD,23.663
Manulife MPF North American Equity Fund,10/03/2021,HKD,23.746
Manulife MPF North American Equity Fund,11/03/2021,HKD,24.190
Manulife MPF North American Equity Fund,12/03/2021,HKD,24.102
Manulife MPF North American Equity Fund,15/03/2021,HKD,24.252
Manulife MPF North American Equity Fund,16/03/2021,HKD,24.276
Manulife MPF North American Equity Fund,17/03/2021,HKD,24.429
Manulife MPF North American Equity Fund,18/03/2021,HKD,23.884
Manulife MPF North American Equity Fund,19/03/2021,HKD,23.952
Manulife MPF North American Equity Fund,22/03/2021,HKD,24.142
Manulife MPF North American Equity Fund,23/03/2021,HKD,23.954
Manulife MPF North American Equity Fund,24/03/2021,HKD,23.676
Manulife MPF North American Equity Fund,25/03/2021,HKD,23.695
Manulife MPF North American Equity Fund,26/03/2021,HKD,24.033
Manulife MPF North American Equity Fund,29/03/2021,HKD,23.987
Manulife MPF North American Equity Fund,30/03/2021,HKD,23.921
Manulife MPF North American Equity Fund,31/03/2021,HKD,24.096
Manulife MPF North American Equity Fund,01/04/2021,HKD,24.483
Manulife MPF North American Equity Fund,07/04/2021,HKD,25.015
Manulife MPF North American Equity Fund,08/04/2021,HKD,25.207
Manulife MPF North American Equity Fund,09/04/2021,HKD,25.435
Manulife MPF North American Equity Fund,12/04/2021,HKD,25.362
Manulife MPF North American Equity Fund,13/04/2021,HKD,25.469
Manulife MPF North American Equity Fund,14/04/2021,HKD,25.282
Manulife MPF North American Equity Fund,15/04/2021,HKD,25.640
Manulife MPF North American Equity Fund,16/04/2021,HKD,25.638
Manulife MPF North American Equity Fund,19/04/2021,HKD,25.494
Manulife MPF North American Equity Fund,20/04/2021,HKD,25.210
Manulife MPF North American Equity Fund,21/04/2021,HKD,25.420
Manulife MPF North American Equity Fund,22/04/2021,HKD,25.209
Manulife MPF North American Equity Fund,23/04/2021,HKD,25.567
Manulife MPF North American Equity Fund,26/04/2021,HKD,25.724
Manulife MPF North American Equity Fund,27/04/2021,HKD,25.712
Manulife MPF North American Equity Fund,28/04/2021,HKD,25.781
Manulife MPF North American Equity Fund,29/04/2021,HKD,25.981
Manulife MPF North American Equity Fund,30/04/2021,HKD,25.746
Manulife MPF North American Equity Fund,03/05/2021,HKD,25.655
Manulife MPF North American Equity Fund,04/05/2021,HKD,25.341
Manulife MPF North American Equity Fund,05/05/2021,HKD,25.263
Manulife MPF North American Equity Fund,06/05/2021,HKD,25.435
Manulife MPF North American Equity Fund,07/05/2021,HKD,25.616
Manulife MPF North American Equity Fund,10/05/2021,HKD,25.141
Manulife MPF North American Equity Fund,11/05/2021,HKD,25.054
Manulife MPF North American Equity Fund,12/05/2021,HKD,24.461
Manulife MPF North American Equity Fund,13/05/2021,HKD,24.690
Manulife MPF North American Equity Fund,14/05/2021,HKD,25.165
Manulife MPF North American Equity Fund,17/05/2021,HKD,25.093
Manulife MPF North American Equity Fund,18/05/2021,HKD,24.880
Manulife MPF North American Equity Fund,20/05/2021,HKD,25.222
Manulife MPF North American Equity Fund,21/05/2021,HKD,25.156
Manulife MPF North American Equity Fund,24/05/2021,HKD,25.485
Manulife MPF North American Equity Fund,25/05/2021,HKD,25.503
Manulife MPF North American Equity Fund,26/05/2021,HKD,25.568
Manulife MPF North American Equity Fund,27/05/2021,HKD,25.568
Manulife MPF North American Equity Fund,28/05/2021,HKD,25.592
Manulife MPF North American Equity Fund,31/05/2021,HKD,25.586
Manulife MPF North American Equity Fund,01/06/2021,HKD,25.586
Manulife MPF North American Equity Fund,02/06/2021,HKD,25.596
Manulife MPF North American Equity Fund,03/06/2021,HKD,25.406
Manulife MPF North American Equity Fund,04/06/2021,HKD,25.682
Manulife MPF North American Equity Fund,07/06/2021,HKD,25.724
Manulife MPF North American Equity Fund,08/06/2021,HKD,25.764
Manulife MPF North American Equity Fund,09/06/2021,HKD,25.733
Manulife MPF North American Equity Fund,10/06/2021,HKD,25.889
Manulife MPF North American Equity Fund,11/06/2021,HKD,25.988
Manulife MPF North American Equity Fund,15/06/2021,HKD,26.051
Manulife MPF North American Equity Fund,16/06/2021,HKD,25.964
Manulife MPF North American Equity Fund,17/06/2021,HKD,26.156
Manulife MPF North American Equity Fund,18/06/2021,HKD,25.902
Manulife MPF North American Equity Fund,21/06/2021,HKD,26.160
Manulife MPF North American Equity Fund,22/06/2021,HKD,26.395
Manulife MPF North American Equity Fund,23/06/2021,HKD,26.398
Manulife MPF North American Equity Fund,24/06/2021,HKD,26.532
Manulife MPF North American Equity Fund,25/06/2021,HKD,26.573
Manulife MPF North American Equity Fund,28/06/2021,HKD,26.715
Manulife MPF North American Equity Fund,29/06/2021,HKD,26.755
Manulife MPF North American Equity Fund,30/06/2021,HKD,26.713
Manulife MPF North American Equity Fund,02/07/2021,HKD,27.092
Manulife MPF North American Equity Fund,05/07/2021,HKD,27.091
Manulife MPF North American Equity Fund,06/07/2021,HKD,27.197
Manulife MPF North American Equity Fund,07/07/2021,HKD,27.236
Manulife MPF North American Equity Fund,08/07/2021,HKD,26.970
Manulife MPF North American Equity Fund,09/07/2021,HKD,27.252
Manulife MPF North American Equity Fund,12/07/2021,HKD,27.315
Manulife MPF North American Equity Fund,13/07/2021,HKD,27.206
Manulife MPF North American Equity Fund,14/07/2021,HKD,27.209
Manulife MPF North American Equity Fund,15/07/2021,HKD,27.065
Manulife MPF North American Equity Fund,16/07/2021,HKD,26.894
Manulife MPF North American Equity Fund,19/07/2021,HKD,26.505
Manulife MPF North American Equity Fund,20/07/2021,HKD,26.980
Manulife MPF North American Equity Fund,21/07/2021,HKD,27.279
Manulife MPF North American Equity Fund,22/07/2021,HKD,27.416
Manulife MPF North American Equity Fund,23/07/2021,HKD,27.884
Manulife MPF North American Equity Fund,26/07/2021,HKD,27.946
Manulife MPF North American Equity Fund,27/07/2021,HKD,27.719
Manulife MPF North American Equity Fund,28/07/2021,HKD,27.794
Manulife MPF North American Equity Fund,29/07/2021,HKD,27.764
Manulife MPF North American Equity Fund,30/07/2021,HKD,27.445
Manulife MPF North American Equity Fund,02/08/2021,HKD,27.377
Manulife MPF North American Equity Fund,03/08/2021,HKD,27.565
Manulife MPF North American Equity Fund,04/08/2021,HKD,27.593
Manulife MPF North American Equity Fund,05/08/2021,HKD,27.806
Manulife MPF North American Equity Fund,06/08/2021,HKD,27.815
Manulife MPF North American Equity Fund,09/08/2021,HKD,27.836
Manulife MPF North American Equity Fund,10/08/2021,HKD,27.798
Manulife MPF North American Equity Fund,11/08/2021,HKD,27.751
Manulife MPF North American Equity Fund,12/08/2021,HKD,27.854
Manulife MPF North American Equity Fund,13/08/2021,HKD,27.889
Manulife MPF North American Equity Fund,16/08/2021,HKD,27.889
Manulife MPF North American Equity Fund,17/08/2021,HKD,27.648
Manulife MPF North American Equity Fund,18/08/2021,HKD,27.384
Manulife MPF North American Equity Fund,19/08/2021,HKD,27.381
Manulife MPF North American Equity Fund,20/08/2021,HKD,27.615
Manulife MPF North American Equity Fund,23/08/2021,HKD,27.979
Manulife MPF North American Equity Fund,24/08/2021,HKD,28.101
Manulife MPF North American Equity Fund,25/08/2021,HKD,28.182
Manulife MPF North American Equity Fund,26/08/2021,HKD,28.032
Manulife MPF North American Equity Fund,27/08/2021,HKD,28.385
Manulife MPF North American Equity Fund,30/08/2021,HKD,28.587
Manulife MPF North American Equity Fund,31/08/2021,HKD,28.478
Manulife MPF North American Equity Fund,01/09/2021,HKD,28.553
Manulife MPF North American Equity Fund,02/09/2021,HKD,28.478
Manulife MPF North American Equity Fund,03/09/2021,HKD,28.569
Manulife MPF North American Equity Fund,06/09/2021,HKD,28.573
Manulife MPF North American Equity Fund,07/09/2021,HKD,28.582
Manulife MPF North American Equity Fund,09/09/2021,HKD,28.406
Manulife MPF North American Equity Fund,10/09/2021,HKD,28.232
Manulife MPF North American Equity Fund,13/09/2021,HKD,28.218
Manulife MPF North American Equity Fund,14/09/2021,HKD,28.112
Manulife MPF North American Equity Fund,15/09/2021,HKD,28.326
Manulife MPF North American Equity Fund,16/09/2021,HKD,28.370
Manulife MPF North American Equity Fund,17/09/2021,HKD,28.084
Manulife MPF North American Equity Fund,20/09/2021,HKD,27.544
Manulife MPF North American Equity Fund,21/09/2021,HKD,27.595
Manulife MPF North American Equity Fund,23/09/2021,HKD,28.161
Manulife MPF North American Equity Fund,24/09/2021,HKD,28.222
Manulife MPF North American Equity Fund,27/09/2021,HKD,28.074
Manulife MPF North American Equity Fund,28/09/2021,HKD,27.259
Manulife MPF North American Equity Fund,29/09/2021,HKD,27.198
Manulife MPF North American Equity Fund,30/09/2021,HKD,26.966
Manulife MPF North American Equity Fund,04/10/2021,HKD,26.651
Manulife MPF North American Equity Fund,05/10/2021,HKD,26.992
Manulife MPF North American Equity Fund,06/10/2021,HKD,27.155
Manulife MPF North American Equity Fund,07/10/2021,HKD,27.394
Manulife MPF North American Equity Fund,08/10/2021,HKD,27.324
Manulife MPF North American Equity Fund,11/10/2021,HKD,27.054
Manulife MPF North American Equity Fund,12/10/2021,HKD,27.050
Manulife MPF North American Equity Fund,15/10/2021,HKD,27.974
Manulife MPF North American Equity Fund,18/10/2021,HKD,28.221
Manulife MPF North American Equity Fund,19/10/2021,HKD,28.392
Manulife MPF North American Equity Fund,20/10/2021,HKD,28.334
Manulife MPF North American Equity Fund,21/10/2021,HKD,28.472
Manulife MPF North American Equity Fund,22/10/2021,HKD,28.156
Manulife MPF North American Equity Fund,25/10/2021,HKD,28.224
Manulife MPF North American Equity Fund,26/10/2021,HKD,28.173
Manulife MPF North American Equity Fund,27/10/2021,HKD,28.055
Manulife MPF North American Equity Fund,28/10/2021,HKD,28.325
Manulife MPF North American Equity Fund,29/10/2021,HKD,28.401
Manulife MPF North American Equity Fund,01/11/2021,HKD,28.358
Manulife MPF North American Equity Fund,02/11/2021,HKD,28.439
Manulife MPF North American Equity Fund,03/11/2021,HKD,28.641
Manulife MPF North American Equity Fund,04/11/2021,HKD,28.815
Manulife MPF North American Equity Fund,05/11/2021,HKD,28.955
Manulife MPF North American Equity Fund,08/11/2021,HKD,29.021
Manulife MPF North American Equity Fund,09/11/2021,HKD,28.965
Manulife MPF North American Equity Fund,10/11/2021,HKD,28.526
Manulife MPF North American Equity Fund,11/11/2021,HKD,28.559
Manulife MPF North American Equity Fund,12/11/2021,HKD,28.903
Manulife MPF North American Equity Fund,15/11/2021,HKD,28.892
Manulife MPF North American Equity Fund,16/11/2021,HKD,29.021
Manulife MPF North American Equity Fund,17/11/2021,HKD,28.909
Manulife MPF North American Equity Fund,18/11/2021,HKD,29.101
Manulife MPF North American Equity Fund,19/11/2021,HKD,29.077
Manulife MPF North American Equity Fund,22/11/2021,HKD,28.713
Manulife MPF North American Equity Fund,23/11/2021,HKD,28.685
Manulife MPF North American Equity Fund,24/11/2021,HKD,28.845
Manulife MPF North American Equity Fund,25/11/2021,HKD,28.842
Manulife MPF North American Equity Fund,26/11/2021,HKD,28.299
Manulife MPF North American Equity Fund,29/11/2021,HKD,28.684
Manulife MPF North American Equity Fund,30/11/2021,HKD,28.123
Manulife MPF North American Equity Fund,01/12/2021,HKD,27.587
Manulife MPF North American Equity Fund,02/12/2021,HKD,27.945
Manulife MPF North American Equity Fund,03/12/2021,HKD,27.538
Manulife MPF North American Equity Fund,06/12/2021,HKD,27.892
Manulife MPF North American Equity Fund,07/12/2021,HKD,28.628
Manulife MPF North American Equity Fund,08/12/2021,HKD,28.792
Manulife MPF North American Equity Fund,09/12/2021,HKD,28.468
Manulife MPF North American Equity Fund,10/12/2021,HKD,28.583
Manulife MPF North American Equity Fund,13/12/2021,HKD,28.250
Manulife MPF North American Equity Fund,14/12/2021,HKD,27.967
Manulife MPF North American Equity Fund,15/12/2021,HKD,28.470
Manulife MPF North American Equity Fund,16/12/2021,HKD,27.937
Manulife MPF North American Equity Fund,17/12/2021,HKD,27.788
Manulife MPF North American Equity Fund,20/12/2021,HKD,27.391
Manulife MPF North American Equity Fund,21/12/2021,HKD,28.067
Manulife MPF North American Equity Fund,22/12/2021,HKD,28.287
Manulife MPF North American Equity Fund,23/12/2021,HKD,28.459
Manulife MPF North American Equity Fund,24/12/2021,HKD,28.458
Manulife MPF North American Equity Fund,28/12/2021,HKD,28.670
Manulife MPF North American Equity Fund,29/12/2021,HKD,28.629
Manulife MPF North American Equity Fund,30/12/2021,HKD,28.587
Manulife MPF North American Equity Fund,31/12/2021,HKD,28.411
Manulife MPF North American Equity Fund,03/01/2022,HKD,28.607
Manulife MPF North American Equity Fund,04/01/2022,HKD,28.353
Manulife MPF North American Equity Fund,05/01/2022,HKD,27.549
Manulife MPF North American Equity Fund,06/01/2022,HKD,27.543
Manulife MPF North American Equity Fund,07/01/2022,HKD,27.303
Manulife MPF North American Equity Fund,10/01/2022,HKD,27.357
Manulife MPF North American Equity Fund,11/01/2022,HKD,27.704
Manulife MPF North American Equity Fund,12/01/2022,HKD,27.738
Manulife MPF North American Equity Fund,13/01/2022,HKD,27.143
Manulife MPF North American Equity Fund,14/01/2022,HKD,27.189
Manulife MPF North American Equity Fund,17/01/2022,HKD,27.199
Manulife MPF North American Equity Fund,18/01/2022,HKD,26.496
Manulife MPF North American Equity Fund,19/01/2022,HKD,26.211
Manulife MPF North American Equity Fund,20/01/2022,HKD,25.914
Manulife MPF North American Equity Fund,21/01/2022,HKD,25.203
Manulife MPF North American Equity Fund,24/01/2022,HKD,25.355
Manulife MPF North American Equity Fund,25/01/2022,HKD,24.835
Manulife MPF North American Equity Fund,26/01/2022,HKD,24.764
Manulife MPF North American Equity Fund,27/01/2022,HKD,24.654
Manulife MPF North American Equity Fund,28/01/2022,HKD,25.454
Manulife MPF North American Equity Fund,31/01/2022,HKD,26.195
Manulife MPF North American Equity Fund,04/02/2022,HKD,25.838
Manulife MPF North American Equity Fund,07/02/2022,HKD,25.680
Manulife MPF North American Equity Fund,08/02/2022,HKD,25.943
Manulife MPF North American Equity Fund,09/02/2022,HKD,26.468
Manulife MPF North American Equity Fund,10/02/2022,HKD,26.002
Manulife MPF North American Equity Fund,11/02/2022,HKD,25.344
Manulife MPF North American Equity Fund,14/02/2022,HKD,25.292
Manulife MPF North American Equity Fund,15/02/2022,HKD,25.770
Manulife MPF North American Equity Fund,16/02/2022,HKD,25.717
Manulife MPF North American Equity Fund,17/02/2022,HKD,24.985
Manulife MPF North American Equity Fund,18/02/2022,HKD,24.716
Manulife MPF North American Equity Fund,21/02/2022,HKD,24.710
Manulife MPF North American Equity Fund,22/02/2022,HKD,24.413
Manulife MPF North American Equity Fund,23/02/2022,HKD,23.885
Manulife MPF North American Equity Fund,24/02/2022,HKD,24.649
Manulife MPF North American Equity Fund,25/02/2022,HKD,25.183
Manulife MPF North American Equity Fund,28/02/2022,HKD,25.176
Manulife MPF North American Equity Fund,01/03/2022,HKD,24.732
Manulife MPF North American Equity Fund,02/03/2022,HKD,25.098
Manulife MPF North American Equity Fund,03/03/2022,HKD,24.716
Manulife MPF North American Equity Fund,04/03/2022,HKD,24.329
Manulife MPF North American Equity Fund,07/03/2022,HKD,23.308
Manulife MPF North American Equity Fund,08/03/2022,HKD,23.191
Manulife MPF North American Equity Fund,09/03/2022,HKD,24.130
Manulife MPF North American Equity Fund,10/03/2022,HKD,23.981
Manulife MPF North American Equity Fund,11/03/2022,HKD,23.532
Manulife MPF North American Equity Fund,14/03/2022,HKD,23.179
Manulife MPF North American Equity Fund,15/03/2022,HKD,23.784
Manulife MPF North American Equity Fund,16/03/2022,HKD,24.607
Manulife MPF North American Equity Fund,17/03/2022,HKD,24.972
Manulife MPF North American Equity Fund,18/03/2022,HKD,25.548
Manulife MPF North American Equity Fund,21/03/2022,HKD,25.410
Manulife MPF North American Equity Fund,22/03/2022,HKD,25.851
Manulife MPF North American Equity Fund,23/03/2022,HKD,25.502
Manulife MPF North American Equity Fund,24/03/2022,HKD,25.900
Manulife MPF North American Equity Fund,25/03/2022,HKD,25.889
Manulife MPF North American Equity Fund,28/03/2022,HKD,26.171
Manulife MPF North American Equity Fund,29/03/2022,HKD,26.620
Manulife MPF North American Equity Fund,30/03/2022,HKD,26.359
Manulife MPF North American Equity Fund,31/03/2022,HKD,25.871
Manulife MPF North American Equity Fund,01/04/2022,HKD,26.009
Manulife MPF North American Equity Fund,04/04/2022,HKD,26.437
Manulife MPF North American Equity Fund,06/04/2022,HKD,25.366
Manulife MPF North American Equity Fund,07/04/2022,HKD,25.406
Manulife MPF North American Equity Fund,08/04/2022,HKD,25.205
Manulife MPF North American Equity Fund,11/04/2022,HKD,24.743
Manulife MPF North American Equity Fund,12/04/2022,HKD,24.577
Manulife MPF North American Equity Fund,13/04/2022,HKD,24.982
Manulife MPF North American Equity Fund,14/04/2022,HKD,24.551
Manulife MPF North American Equity Fund,19/04/2022,HKD,25.034
Manulife MPF North American Equity Fund,20/04/2022,HKD,24.697
Manulife MPF North American Equity Fund,21/04/2022,HKD,24.151
Manulife MPF North American Equity Fund,22/04/2022,HKD,23.408
Manulife MPF North American Equity Fund,25/04/2022,HKD,23.672
Manulife MPF North American Equity Fund,26/04/2022,HKD,22.830
Manulife MPF North American Equity Fund,27/04/2022,HKD,22.778
Manulife MPF North American Equity Fund,28/04/2022,HKD,23.592
Manulife MPF North American Equity Fund,29/04/2022,HKD,22.559
Manulife MPF North American Equity Fund,03/05/2022,HKD,22.952
Manulife MPF North American Equity Fund,04/05/2022,HKD,23.730
Manulife MPF North American Equity Fund,05/05/2022,HKD,22.554
Manulife MPF North American Equity Fund,06/05/2022,HKD,22.275
Manulife MPF North American Equity Fund,10/05/2022,HKD,21.417
Manulife MPF North American Equity Fund,11/05/2022,HKD,20.865
Manulife MPF North American Equity Fund,12/05/2022,HKD,20.879
Manulife MPF North American Equity Fund,13/05/2022,HKD,21.688
Manulife MPF North American Equity Fund,16/05/2022,HKD,21.411
Manulife MPF North American Equity Fund,17/05/2022,HKD,21.956
Manulife MPF North American Equity Fund,18/05/2022,HKD,20.958
Manulife MPF North American Equity Fund,19/05/2022,HKD,20.938
Manulife MPF North American Equity Fund,20/05/2022,HKD,20.947
Manulife MPF North American Equity Fund,23/05/2022,HKD,21.260
Manulife MPF North American Equity Fund,24/05/2022,HKD,20.682
Manulife MPF North American Equity Fund,25/05/2022,HKD,21.063
Manulife MPF North American Equity Fund,26/05/2022,HKD,21.627
Manulife MPF North American Equity Fund,27/05/2022,HKD,22.282
Manulife MPF North American Equity Fund,30/05/2022,HKD,22.278
Manulife MPF North American Equity Fund,31/05/2022,HKD,22.192
Manulife MPF North American Equity Fund,01/06/2022,HKD,22.056
Manulife MPF North American Equity Fund,02/06/2022,HKD,22.700
Manulife MPF North American Equity Fund,06/06/2022,HKD,22.288
Manulife MPF North American Equity Fund,07/06/2022,HKD,22.499
Manulife MPF North American Equity Fund,08/06/2022,HKD,22.328
Manulife MPF North American Equity Fund,09/06/2022,HKD,21.674
Manulife MPF North American Equity Fund,10/06/2022,HKD,20.786
Manulife MPF North American Equity Fund,13/06/2022,HKD,19.809
Manulife MPF North American Equity Fund,14/06/2022,HKD,19.781
Manulife MPF North American Equity Fund,15/06/2022,HKD,20.311
Manulife MPF North American Equity Fund,16/06/2022,HKD,19.494
Manulife MPF North American Equity Fund,17/06/2022,HKD,19.720
Manulife MPF North American Equity Fund,20/06/2022,HKD,19.721
Manulife MPF North American Equity Fund,21/06/2022,HKD,20.153
Manulife MPF North American Equity Fund,22/06/2022,HKD,20.162
Manulife MPF North American Equity Fund,23/06/2022,HKD,20.515
Manulife MPF North American Equity Fund,24/06/2022,HKD,21.289
Manulife MPF North American Equity Fund,27/06/2022,HKD,21.095
Manulife MPF North American Equity Fund,28/06/2022,HKD,20.489
Manulife MPF North American Equity Fund,29/06/2022,HKD,20.530
Manulife MPF North American Equity Fund,30/06/2022,HKD,20.210
Manulife MPF North American Equity Fund,04/07/2022,HKD,20.414
Manulife MPF North American Equity Fund,05/07/2022,HKD,20.776
Manulife MPF North American Equity Fund,06/07/2022,HKD,20.826
Manulife MPF North American Equity Fund,07/07/2022,HKD,21.279
Manulife MPF North American Equity Fund,08/07/2022,HKD,21.260
Manulife MPF North American Equity Fund,11/07/2022,HKD,20.852
Manulife MPF North American Equity Fund,12/07/2022,HKD,20.579
Manulife MPF North American Equity Fund,13/07/2022,HKD,20.502
Manulife MPF North American Equity Fund,14/07/2022,HKD,20.413
Manulife MPF North American Equity Fund,15/07/2022,HKD,20.895
Manulife MPF North American Equity Fund,18/07/2022,HKD,20.757
Manulife MPF North American Equity Fund,19/07/2022,HKD,21.456
Manulife MPF North American Equity Fund,20/07/2022,HKD,21.784
Manulife MPF North American Equity Fund,21/07/2022,HKD,22.109
Manulife MPF North American Equity Fund,22/07/2022,HKD,21.667
Manulife MPF North American Equity Fund,25/07/2022,HKD,21.588
Manulife MPF North American Equity Fund,26/07/2022,HKD,21.120
Manulife MPF North American Equity Fund,27/07/2022,HKD,21.940
Manulife MPF North American Equity Fund,28/07/2022,HKD,22.176
Manulife MPF North American Equity Fund,29/07/2022,HKD,22.675
Manulife MPF North American Equity Fund,01/08/2022,HKD,22.609
Manulife MPF North American Equity Fund,02/08/2022,HKD,22.468
Manulife MPF North American Equity Fund,03/08/2022,HKD,23.122
Manulife MPF North American Equity Fund,04/08/2022,HKD,23.252
Manulife MPF North American Equity Fund,05/08/2022,HKD,23.159
Manulife MPF North American Equity Fund,08/08/2022,HKD,23.154
Manulife MPF North American Equity Fund,09/08/2022,HKD,22.867
Manulife MPF North American Equity Fund,10/08/2022,HKD,23.572
Manulife MPF North American Equity Fund,11/08/2022,HKD,23.461
Manulife MPF North American Equity Fund,12/08/2022,HKD,23.888
Manulife MPF North American Equity Fund,15/08/2022,HKD,24.002
Manulife MPF North American Equity Fund,16/08/2022,HKD,23.995
Manulife MPF North American Equity Fund,17/08/2022,HKD,23.695
Manulife MPF North American Equity Fund,18/08/2022,HKD,23.689
Manulife MPF North American Equity Fund,19/08/2022,HKD,23.218
Manulife MPF North American Equity Fund,22/08/2022,HKD,22.611
Manulife MPF North American Equity Fund,23/08/2022,HKD,22.580
Manulife MPF North American Equity Fund,24/08/2022,HKD,22.686
Manulife MPF North American Equity Fund,25/08/2022,HKD,23.046
Manulife MPF North American Equity Fund,26/08/2022,HKD,22.162
Manulife MPF North American Equity Fund,29/08/2022,HKD,21.921
Manulife MPF North American Equity Fund,30/08/2022,HKD,21.730
Manulife MPF North American Equity Fund,31/08/2022,HKD,21.553
Manulife MPF North American Equity Fund,01/09/2022,HKD,21.530
Manulife MPF North American Equity Fund,02/09/2022,HKD,21.320
Manulife MPF North American Equity Fund,05/09/2022,HKD,21.313
Manulife MPF North American Equity Fund,06/09/2022,HKD,21.166
Manulife MPF North American Equity Fund,07/09/2022,HKD,21.584
Manulife MPF North American Equity Fund,08/09/2022,HKD,21.766
Manulife MPF North American Equity Fund,09/09/2022,HKD,22.216
Manulife MPF North American Equity Fund,13/09/2022,HKD,21.346
Manulife MPF North American Equity Fund,14/09/2022,HKD,21.465
Manulife MPF North American Equity Fund,15/09/2022,HKD,21.192
Manulife MPF North American Equity Fund,16/09/2022,HKD,20.981
Manulife MPF North American Equity Fund,19/09/2022,HKD,21.153
Manulife MPF North American Equity Fund,20/09/2022,HKD,20.884
Manulife MPF North American Equity Fund,21/09/2022,HKD,20.481
Manulife MPF North American Equity Fund,22/09/2022,HKD,20.281
Manulife MPF North American Equity Fund,23/09/2022,HKD,19.895
Manulife MPF North American Equity Fund,26/09/2022,HKD,19.697
Manulife MPF North American Equity Fund,27/09/2022,HKD,19.719
Manulife MPF North American Equity Fund,28/09/2022,HKD,20.174
Manulife MPF North American Equity Fund,29/09/2022,HKD,19.593
Manulife MPF North American Equity Fund,30/09/2022,HKD,19.310
Manulife MPF North American Equity Fund,03/10/2022,HKD,19.756
Manulife MPF North American Equity Fund,05/10/2022,HKD,20.394
Manulife MPF North American Equity Fund,06/10/2022,HKD,20.236
Manulife MPF North American Equity Fund,07/10/2022,HKD,19.543
Manulife MPF North American Equity Fund,10/10/2022,HKD,19.308
Manulife MPF North American Equity Fund,11/10/2022,HKD,19.044
Manulife MPF North American Equity Fund,12/10/2022,HKD,19.044
Manulife MPF North American Equity Fund,13/10/2022,HKD,19.426
Manulife MPF North American Equity Fund,14/10/2022,HKD,18.837
Manulife MPF North American Equity Fund,17/10/2022,HKD,19.474
Manulife MPF North American Equity Fund,18/10/2022,HKD,19.705
Manulife MPF North American Equity Fund,19/10/2022,HKD,19.514
Manulife MPF North American Equity Fund,20/10/2022,HKD,19.419
Manulife MPF North American Equity Fund,21/10/2022,HKD,19.866
Manulife MPF North American Equity Fund,24/10/2022,HKD,19.991
Manulife MPF North American Equity Fund,25/10/2022,HKD,20.426
Manulife MPF North American Equity Fund,26/10/2022,HKD,20.032
Manulife MPF North American Equity Fund,27/10/2022,HKD,19.791
Manulife MPF North American Equity Fund,28/10/2022,HKD,20.178
Manulife MPF North American Equity Fund,31/10/2022,HKD,19.992
Manulife MPF North American Equity Fund,01/11/2022,HKD,19.788
Manulife MPF North American Equity Fund,02/11/2022,HKD,19.180
Manulife MPF North American Equity Fund,03/11/2022,HKD,18.838
Manulife MPF North American Equity Fund,04/11/2022,HKD,19.044
Manulife MPF North American Equity Fund,07/11/2022,HKD,19.251
Manulife MPF North American Equity Fund,08/11/2022,HKD,19.362
Manulife MPF North American Equity Fund,09/11/2022,HKD,18.877
Manulife MPF North American Equity Fund,10/11/2022,HKD,20.288
Manulife MPF North American Equity Fund,11/11/2022,HKD,20.589
Manulife MPF North American Equity Fund,14/11/2022,HKD,20.323
Manulife MPF North American Equity Fund,15/11/2022,HKD,20.574
Manulife MPF North American Equity Fund,16/11/2022,HKD,20.353
Manulife MPF North American Equity Fund,17/11/2022,HKD,20.204
Manulife MPF North American Equity Fund,18/11/2022,HKD,20.225
Manulife MPF North American Equity Fund,21/11/2022,HKD,19.958
Manulife MPF North American Equity Fund,22/11/2022,HKD,20.286
Manulife MPF North American Equity Fund,23/11/2022,HKD,20.495
Manulife MPF North American Equity Fund,24/11/2022,HKD,20.471
Manulife MPF North American Equity Fund,25/11/2022,HKD,20.441
Manulife MPF North American Equity Fund,28/11/2022,HKD,20.158
Manulife MPF North American Equity Fund,29/11/2022,HKD,20.043
Manulife MPF North American Equity Fund,30/11/2022,HKD,20.880
Manulife MPF North American Equity Fund,01/12/2022,HKD,20.835
Manulife MPF North American Equity Fund,02/12/2022,HKD,20.761
Manulife MPF North American Equity Fund,05/12/2022,HKD,20.304
Manulife MPF North American Equity Fund,06/12/2022,HKD,19.945
Manulife MPF North American Equity Fund,07/12/2022,HKD,19.937
Manulife MPF North American Equity Fund,08/12/2022,HKD,20.135
Manulife MPF North American Equity Fund,09/12/2022,HKD,20.005
Manulife MPF North American Equity Fund,12/12/2022,HKD,20.253
Manulife MPF North American Equity Fund,13/12/2022,HKD,20.527
Manulife MPF North American Equity Fund,14/12/2022,HKD,20.399
Manulife MPF North American Equity Fund,15/12/2022,HKD,19.803
Manulife MPF North American Equity Fund,16/12/2022,HKD,19.591
Manulife MPF North American Equity Fund,19/12/2022,HKD,19.304
Manulife MPF North American Equity Fund,20/12/2022,HKD,19.348
Manulife MPF North American Equity Fund,21/12/2022,HKD,19.663
Manulife MPF North American Equity Fund,22/12/2022,HKD,19.293
Manulife MPF North American Equity Fund,23/12/2022,HKD,19.384
Manulife MPF North American Equity Fund,28/12/2022,HKD,18.925
Manulife MPF North American Equity Fund,29/12/2022,HKD,19.364
Manulife MPF North American Equity Fund,30/12/2022,HKD,19.337
Manulife MPF North American Equity Fund,03/01/2023,HKD,19.294
Manulife MPF North American Equity Fund,04/01/2023,HKD,19.441
Manulife MPF North American Equity Fund,05/01/2023,HKD,19.079
Manulife MPF North American Equity Fund,06/01/2023,HKD,19.483
Manulife MPF North American Equity Fund,09/01/2023,HKD,19.610
Manulife MPF North American Equity Fund,10/01/2023,HKD,19.802
Manulife MPF North American Equity Fund,11/01/2023,HKD,20.192
Manulife MPF North American Equity Fund,12/01/2023,HKD,20.322
Manulife MPF North American Equity Fund,13/01/2023,HKD,20.462
Manulife MPF North American Equity Fund,16/01/2023,HKD,20.459
Manulife MPF North American Equity Fund,17/01/2023,HKD,20.443
Manulife MPF North American Equity Fund,18/01/2023,HKD,20.212
Manulife MPF North American Equity Fund,19/01/2023,HKD,20.079
Manulife MPF North American Equity Fund,20/01/2023,HKD,20.592
Manulife MPF North American Equity Fund,26/01/2023,HKD,21.118
Manulife MPF North American Equity Fund,27/01/2023,HKD,21.234
Manulife MPF North American Equity Fund,30/01/2023,HKD,20.902
Manulife MPF North American Equity Fund,31/01/2023,HKD,21.270
Manulife MPF North American Equity Fund,01/02/2023,HKD,21.629
Manulife MPF North American Equity Fund,02/02/2023,HKD,22.205
Manulife MPF North American Equity Fund,03/02/2023,HKD,21.812
Manulife MPF North American Equity Fund,06/02/2023,HKD,21.601
Manulife MPF North American Equity Fund,07/02/2023,HKD,21.970
Manulife MPF North American Equity Fund,08/02/2023,HKD,21.650
Manulife MPF North American Equity Fund,09/02/2023,HKD,21.472
Manulife MPF North American Equity Fund,10/02/2023,HKD,21.379
Manulife MPF North American Equity Fund,13/02/2023,HKD,21.660
Manulife MPF North American Equity Fund,14/02/2023,HKD,21.736
Manulife MPF North American Equity Fund,15/02/2023,HKD,21.885
Manulife MPF North American Equity Fund,16/02/2023,HKD,21.476
Manulife MPF North American Equity Fund,17/02/2023,HKD,21.298
Manulife MPF North American Equity Fund,20/02/2023,HKD,21.268
Manulife MPF North American Equity Fund,21/02/2023,HKD,20.847
Manulife MPF North American Equity Fund,22/02/2023,HKD,20.885
Manulife MPF North American Equity Fund,23/02/2023,HKD,21.059
Manulife MPF North American Equity Fund,24/02/2023,HKD,20.759
Manulife MPF North American Equity Fund,27/02/2023,HKD,20.845
Manulife MPF North American Equity Fund,28/02/2023,HKD,20.811
Manulife MPF North American Equity Fund,01/03/2023,HKD,20.677
Manulife MPF North American Equity Fund,02/03/2023,HKD,20.892
Manulife MPF North American Equity Fund,03/03/2023,HKD,21.294
Manulife MPF North American Equity Fund,06/03/2023,HKD,21.262
Manulife MPF North American Equity Fund,07/03/2023,HKD,20.988
Manulife MPF North American Equity Fund,08/03/2023,HKD,21.074
Manulife MPF North American Equity Fund,09/03/2023,HKD,20.677
Manulife MPF North American Equity Fund,10/03/2023,HKD,20.314
Manulife MPF North American Equity Fund,13/03/2023,HKD,20.356
Manulife MPF North American Equity Fund,14/03/2023,HKD,20.798
Manulife MPF North American Equity Fund,15/03/2023,HKD,20.715
Manulife MPF North American Equity Fund,16/03/2023,HKD,21.236
Manulife MPF North American Equity Fund,17/03/2023,HKD,21.064
Manulife MPF North American Equity Fund,20/03/2023,HKD,21.119
Manulife MPF North American Equity Fund,21/03/2023,HKD,21.501
Manulife MPF North American Equity Fund,22/03/2023,HKD,21.222
Manulife MPF North American Equity Fund,23/03/2023,HKD,21.380
Manulife MPF North American Equity Fund,24/03/2023,HKD,21.387
Manulife MPF North American Equity Fund,27/03/2023,HKD,21.326
Manulife MPF North American Equity Fund,28/03/2023,HKD,21.238
Manulife MPF North American Equity Fund,29/03/2023,HKD,21.591
Manulife MPF North American Equity Fund,30/03/2023,HKD,21.747
Manulife MPF North American Equity Fund,31/03/2023,HKD,22.109
Manulife MPF North American Equity Fund,03/04/2023,HKD,22.120
Manulife MPF North American Equity Fund,04/04/2023,HKD,22.029
Manulife MPF North American Equity Fund,06/04/2023,HKD,21.951
Manulife MPF North American Equity Fund,11/04/2023,HKD,21.872
Manulife MPF North American Equity Fund,12/04/2023,HKD,21.737
Manulife MPF North American Equity Fund,13/04/2023,HKD,22.119
Manulife MPF North American Equity Fund,14/04/2023,HKD,22.098
Manulife MPF North American Equity Fund,17/04/2023,HKD,22.120
Manulife MPF North American Equity Fund,18/04/2023,HKD,22.164
Manulife MPF North American Equity Fund,19/04/2023,HKD,22.176
Manulife MPF North American Equity Fund,20/04/2023,HKD,22.082
Manulife MPF North American Equity Fund,21/04/2023,HKD,22.098
Manulife MPF North American Equity Fund,24/04/2023,HKD,22.068
Manulife MPF North American Equity Fund,25/04/2023,HKD,21.581
Manulife MPF North American Equity Fund,26/04/2023,HKD,21.668
Manulife MPF North American Equity Fund,27/04/2023,HKD,22.172
Manulife MPF North American Equity Fund,28/04/2023,HKD,22.297
Manulife MPF North American Equity Fund,02/05/2023,HKD,22.020
Manulife MPF North American Equity Fund,03/05/2023,HKD,21.914
Manulife MPF North American Equity Fund,04/05/2023,HKD,21.812
Manulife MPF North American Equity Fund,05/05/2023,HKD,22.218
Manulife MPF North American Equity Fund,08/05/2023,HKD,22.264
Manulife MPF North American Equity Fund,09/05/2023,HKD,22.139
Manulife MPF North American Equity Fund,10/05/2023,HKD,22.267
Manulife MPF North American Equity Fund,11/05/2023,HKD,22.286
Manulife MPF North American Equity Fund,12/05/2023,HKD,22.235
Manulife MPF North American Equity Fund,15/05/2023,HKD,22.348
Manulife MPF North American Equity Fund,16/05/2023,HKD,22.301
Manulife MPF North American Equity Fund,17/05/2023,HKD,22.612
Manulife MPF North American Equity Fund,18/05/2023,HKD,22.939
Manulife MPF North American Equity Fund,19/05/2023,HKD,22.811
Manulife MPF North American Equity Fund,22/05/2023,HKD,22.873
Manulife MPF North American Equity Fund,23/05/2023,HKD,22.576
Manulife MPF North American Equity Fund,24/05/2023,HKD,22.433
Manulife MPF North American Equity Fund,25/05/2023,HKD,22.811
Manulife MPF North American Equity Fund,29/05/2023,HKD,23.225
Manulife MPF North American Equity Fund,30/05/2023,HKD,23.226
Manulife MPF North American Equity Fund,31/05/2023,HKD,23.090
Manulife MPF North American Equity Fund,01/06/2023,HKD,23.361
Manulife MPF North American Equity Fund,02/06/2023,HKD,23.656
Manulife MPF North American Equity Fund,05/06/2023,HKD,23.647
Manulife MPF North American Equity Fund,06/06/2023,HKD,23.762
Manulife MPF North American Equity Fund,07/06/2023,HKD,23.384
Manulife MPF North American Equity Fund,08/06/2023,HKD,23.572
Manulife MPF North American Equity Fund,09/06/2023,HKD,23.663
Manulife MPF North American Equity Fund,12/06/2023,HKD,23.962
Manulife MPF North American Equity Fund,13/06/2023,HKD,24.096
Manulife MPF North American Equity Fund,14/06/2023,HKD,24.120
Manulife MPF North American Equity Fund,15/06/2023,HKD,24.420
Manulife MPF North American Equity Fund,16/06/2023,HKD,24.222
Manulife MPF North American Equity Fund,19/06/2023,HKD,24.210
Manulife MPF North American Equity Fund,20/06/2023,HKD,24.180
Manulife MPF North American Equity Fund,21/06/2023,HKD,23.975
Manulife MPF North American Equity Fund,23/06/2023,HKD,24.017
Manulife MPF North American Equity Fund,26/06/2023,HKD,23.728
Manulife MPF North American Equity Fund,27/06/2023,HKD,24.080
Manulife MPF North American Equity Fund,28/06/2023,HKD,24.116
Manulife MPF North American Equity Fund,29/06/2023,HKD,24.159
Manulife MPF North American Equity Fund,30/06/2023,HKD,24.478
Manulife MPF North American Equity Fund,03/07/2023,HKD,24.491
Manulife MPF North American Equity Fund,04/07/2023,HKD,24.484
Manulife MPF North American Equity Fund,05/07/2023,HKD,24.432
Manulife MPF North American Equity Fund,06/07/2023,HKD,24.165
Manulife MPF North American Equity Fund,07/07/2023,HKD,24.147
Manulife MPF North American Equity Fund,10/07/2023,HKD,24.184
Manulife MPF North American Equity Fund,11/07/2023,HKD,24.398
Manulife MPF North American Equity Fund,12/07/2023,HKD,24.638
Manulife MPF North American Equity Fund,13/07/2023,HKD,24.928
Manulife MPF North American Equity Fund,14/07/2023,HKD,24.894
Manulife MPF North American Equity Fund,18/07/2023,HKD,25.162
Manulife MPF North American Equity Fund,19/07/2023,HKD,25.253
Manulife MPF North American Equity Fund,20/07/2023,HKD,24.952
Manulife MPF North American Equity Fund,21/07/2023,HKD,24.973
Manulife MPF North American Equity Fund,24/07/2023,HKD,25.014
Manulife MPF North American Equity Fund,25/07/2023,HKD,25.105
Manulife MPF North American Equity Fund,26/07/2023,HKD,25.119
Manulife MPF North American Equity Fund,27/07/2023,HKD,24.972
Manulife MPF North American Equity Fund,28/07/2023,HKD,25.284
Manulife MPF North American Equity Fund,31/07/2023,HKD,25.328
Manulife MPF North American Equity Fund,01/08/2023,HKD,25.226
Manulife MPF North American Equity Fund,02/08/2023,HKD,24.817
Manulife MPF North American Equity Fund,03/08/2023,HKD,24.786
Manulife MPF North American Equity Fund,04/08/2023,HKD,24.822
Manulife MPF North American Equity Fund,07/08/2023,HKD,25.022
Manulife MPF North American Equity Fund,08/08/2023,HKD,24.873
Manulife MPF North American Equity Fund,09/08/2023,HKD,24.699
Manulife MPF North American Equity Fund,10/08/2023,HKD,24.733
Manulife MPF North American Equity Fund,11/08/2023,HKD,24.658
Manulife MPF North American Equity Fund,14/08/2023,HKD,24.808
Manulife MPF North American Equity Fund,15/08/2023,HKD,24.536
Manulife MPF North American Equity Fund,16/08/2023,HKD,24.331
Manulife MPF North American Equity Fund,17/08/2023,HKD,24.128
Manulife MPF North American Equity Fund,18/08/2023,HKD,24.117
Manulife MPF North American Equity Fund,21/08/2023,HKD,24.330
Manulife MPF North American Equity Fund,22/08/2023,HKD,24.279
Manulife MPF North American Equity Fund,23/08/2023,HKD,24.570
Manulife MPF North American Equity Fund,24/08/2023,HKD,24.183
Manulife MPF North American Equity Fund,25/08/2023,HKD,24.357
Manulife MPF North American Equity Fund,28/08/2023,HKD,24.543
Manulife MPF North American Equity Fund,29/08/2023,HKD,24.931
Manulife MPF North American Equity Fund,30/08/2023,HKD,25.045
Manulife MPF North American Equity Fund,31/08/2023,HKD,25.039
Manulife MPF North American Equity Fund,04/09/2023,HKD,25.047
Manulife MPF North American Equity Fund,05/09/2023,HKD,24.966
Manulife MPF North American Equity Fund,06/09/2023,HKD,24.789
Manulife MPF North American Equity Fund,07/09/2023,HKD,24.695
Manulife MPF North American Equity Fund,11/09/2023,HKD,24.911
Manulife MPF North American Equity Fund,12/09/2023,HKD,24.752
Manulife MPF North American Equity Fund,13/09/2023,HKD,24.776
Manulife MPF North American Equity Fund,14/09/2023,HKD,24.993
Manulife MPF North American Equity Fund,15/09/2023,HKD,24.729
Manulife MPF North American Equity Fund,18/09/2023,HKD,24.718
Manulife MPF North American Equity Fund,19/09/2023,HKD,24.639
Manulife MPF North American Equity Fund,20/09/2023,HKD,24.398
Manulife MPF North American Equity Fund,21/09/2023,HKD,23.935
Manulife MPF North American Equity Fund,22/09/2023,HKD,23.876
Manulife MPF North American Equity Fund,25/09/2023,HKD,23.973
Manulife MPF North American Equity Fund,26/09/2023,HKD,23.585
Manulife MPF North American Equity Fund,27/09/2023,HKD,23.597
Manulife MPF North American Equity Fund,28/09/2023,HKD,23.742
Manulife MPF North American Equity Fund,29/09/2023,HKD,23.732
Manulife MPF North American Equity Fund,03/10/2023,HKD,23.336
Manulife MPF North American Equity Fund,04/10/2023,HKD,23.528
Manulife MPF North American Equity Fund,05/10/2023,HKD,23.509
Manulife MPF North American Equity Fund,06/10/2023,HKD,23.851
Manulife MPF North American Equity Fund,09/10/2023,HKD,24.002
Manulife MPF North American Equity Fund,10/10/2023,HKD,24.130
Manulife MPF North American Equity Fund,11/10/2023,HKD,24.266
Manulife MPF North American Equity Fund,12/10/2023,HKD,24.090
Manulife MPF North American Equity Fund,13/10/2023,HKD,23.940
Manulife MPF North American Equity Fund,16/10/2023,HKD,24.182
Manulife MPF North American Equity Fund,17/10/2023,HKD,24.215
Manulife MPF North American Equity Fund,18/10/2023,HKD,23.860
Manulife MPF North American Equity Fund,19/10/2023,HKD,23.672
Manulife MPF North American Equity Fund,20/10/2023,HKD,23.323
Manulife MPF North American Equity Fund,24/10/2023,HKD,23.470
Manulife MPF North American Equity Fund,25/10/2023,HKD,23.008
Manulife MPF North American Equity Fund,26/10/2023,HKD,22.776
Manulife MPF North American Equity Fund,27/10/2023,HKD,22.710
Manulife MPF North American Equity Fund,30/10/2023,HKD,23.035
Manulife MPF North American Equity Fund,31/10/2023,HKD,23.214
Manulife MPF North American Equity Fund,01/11/2023,HKD,23.455
Manulife MPF North American Equity Fund,02/11/2023,HKD,23.914
Manulife MPF North American Equity Fund,03/11/2023,HKD,24.198
Manulife MPF North American Equity Fund,06/11/2023,HKD,24.187
Manulife MPF North American Equity Fund,07/11/2023,HKD,24.329
Manulife MPF North American Equity Fund,08/11/2023,HKD,24.324
Manulife MPF North American Equity Fund,09/11/2023,HKD,24.144
Manulife MPF North American Equity Fund,10/11/2023,HKD,24.541
Manulife MPF North American Equity Fund,13/11/2023,HKD,24.496
Manulife MPF North American Equity Fund,14/11/2023,HKD,25.039
Manulife MPF North American Equity Fund,15/11/2023,HKD,25.057
Manulife MPF North American Equity Fund,16/11/2023,HKD,25.081
Manulife MPF North American Equity Fund,17/11/2023,HKD,25.136
Manulife MPF North American Equity Fund,20/11/2023,HKD,25.317
Manulife MPF North American Equity Fund,21/11/2023,HKD,25.252
Manulife MPF North American Equity Fund,22/11/2023,HKD,25.388
Manulife MPF North American Equity Fund,23/11/2023,HKD,25.394
Manulife MPF North American Equity Fund,24/11/2023,HKD,25.412
Manulife MPF North American Equity Fund,27/11/2023,HKD,25.345
Manulife MPF North American Equity Fund,28/11/2023,HKD,25.366
Manulife MPF North American Equity Fund,29/11/2023,HKD,25.468
Manulife MPF North American Equity Fund,30/11/2023,HKD,25.608
Manulife MPF North American Equity Fund,01/12/2023,HKD,25.813
Manulife MPF North American Equity Fund,04/12/2023,HKD,25.628
Manulife MPF North American Equity Fund,05/12/2023,HKD,25.613
Manulife MPF North American Equity Fund,06/12/2023,HKD,25.509
Manulife MPF North American Equity Fund,07/12/2023,HKD,25.754
Manulife MPF North American Equity Fund,08/12/2023,HKD,25.884
Manulife MPF North American Equity Fund,11/12/2023,HKD,25.923
Manulife MPF North American Equity Fund,12/12/2023,HKD,26.013
Manulife MPF North American Equity Fund,13/12/2023,HKD,26.388
Manulife MPF North American Equity Fund,14/12/2023,HKD,26.554
Manulife MPF North American Equity Fund,15/12/2023,HKD,26.532
Manulife MPF North American Equity Fund,18/12/2023,HKD,26.614
Manulife MPF North American Equity Fund,19/12/2023,HKD,26.793
Manulife MPF North American Equity Fund,20/12/2023,HKD,26.435
Manulife MPF North American Equity Fund,21/12/2023,HKD,26.708
Manulife MPF North American Equity Fund,22/12/2023,HKD,26.760
Manulife MPF North American Equity Fund,27/12/2023,HKD,26.892
Manulife MPF North American Equity Fund,28/12/2023,HKD,26.920
Manulife MPF North American Equity Fund,29/12/2023,HKD,26.818
Manulife MPF North American Equity Fund,02/01/2024,HKD,26.673
Manulife MPF North American Equity Fund,03/01/2024,HKD,26.407
Manulife MPF North American Equity Fund,04/01/2024,HKD,26.310
Manulife MPF North American Equity Fund,05/01/2024,HKD,26.372
Manulife MPF North American Equity Fund,08/01/2024,HKD,26.736
Manulife MPF North American Equity Fund,09/01/2024,HKD,26.715
Manulife MPF North American Equity Fund,10/01/2024,HKD,26.878
Manulife MPF North American Equity Fund,11/01/2024,HKD,26.852
Manulife MPF North American Equity Fund,12/01/2024,HKD,26.853
Manulife MPF North American Equity Fund,15/01/2024,HKD,26.850
Manulife MPF North American Equity Fund,16/01/2024,HKD,26.701
Manulife MPF North American Equity Fund,17/01/2024,HKD,26.533
Manulife MPF North American Equity Fund,18/01/2024,HKD,26.785
Manulife MPF North American Equity Fund,19/01/2024,HKD,27.121
Manulife MPF North American Equity Fund,22/01/2024,HKD,27.199
Manulife MPF North American Equity Fund,23/01/2024,HKD,27.267
Manulife MPF North American Equity Fund,24/01/2024,HKD,27.304
Manulife MPF North American Equity Fund,25/01/2024,HKD,27.443
Manulife MPF North American Equity Fund,26/01/2024,HKD,27.437
Manulife MPF North American Equity Fund,29/01/2024,HKD,27.649
Manulife MPF North American Equity Fund,30/01/2024,HKD,27.595
Manulife MPF North American Equity Fund,31/01/2024,HKD,27.141
Manulife MPF North American Equity Fund,01/02/2024,HKD,27.412
Manulife MPF North American Equity Fund,02/02/2024,HKD,27.735
Manulife MPF North American Equity Fund,05/02/2024,HKD,27.616
Manulife MPF North American Equity Fund,06/02/2024,HKD,27.728
Manulife MPF North American Equity Fund,07/02/2024,HKD,27.930
Manulife MPF North American Equity Fund,08/02/2024,HKD,28.017
Manulife MPF North American Equity Fund,09/02/2024,HKD,28.193
Manulife MPF North American Equity Fund,14/02/2024,HKD,27.960
Manulife MPF North American Equity Fund,15/02/2024,HKD,28.137
Manulife MPF North American Equity Fund,16/02/2024,HKD,27.994
Manulife MPF North American Equity Fund,19/02/2024,HKD,27.986
Manulife MPF North American Equity Fund,20/02/2024,HKD,27.809
Manulife MPF North American Equity Fund,21/02/2024,HKD,27.887
Manulife MPF North American Equity Fund,22/02/2024,HKD,28.417
Manulife MPF North American Equity Fund,23/02/2024,HKD,28.423
Manulife MPF North American Equity Fund,26/02/2024,HKD,28.285
Manulife MPF North American Equity Fund,27/02/2024,HKD,28.341
Manulife MPF North American Equity Fund,28/02/2024,HKD,28.311
Manulife MPF North American Equity Fund,29/02/2024,HKD,28.480
Manulife MPF North American Equity Fund,01/03/2024,HKD,28.668
Manulife MPF North American Equity Fund,04/03/2024,HKD,28.635
Manulife MPF North American Equity Fund,05/03/2024,HKD,28.310
Manulife MPF North American Equity Fund,06/03/2024,HKD,28.421
Manulife MPF North American Equity Fund,07/03/2024,HKD,28.718
Manulife MPF North American Equity Fund,08/03/2024,HKD,28.637
Manulife MPF North American Equity Fund,11/03/2024,HKD,28.621
Manulife MPF North American Equity Fund,12/03/2024,HKD,28.917
Manulife MPF North American Equity Fund,13/03/2024,HKD,28.884
Manulife MPF North American Equity Fund,14/03/2024,HKD,28.760
Manulife MPF North American Equity Fund,15/03/2024,HKD,28.564
Manulife MPF North American Equity Fund,18/03/2024,HKD,28.682
Manulife MPF North American Equity Fund,19/03/2024,HKD,28.846
Manulife MPF North American Equity Fund,20/03/2024,HKD,29.148
Manulife MPF North American Equity Fund,21/03/2024,HKD,29.223
Manulife MPF North American Equity Fund,22/03/2024,HKD,29.185
Manulife MPF North American Equity Fund,25/03/2024,HKD,29.105
Manulife MPF North American Equity Fund,26/03/2024,HKD,29.042
Manulife MPF North American Equity Fund,27/03/2024,HKD,29.291
Manulife MPF North American Equity Fund,28/03/2024,HKD,29.314
Manulife MPF North American Equity Fund,02/04/2024,HKD,29.005
Manulife MPF North American Equity Fund,03/04/2024,HKD,29.097
Manulife MPF North American Equity Fund,05/04/2024,HKD,29.115
Manulife MPF North American Equity Fund,08/04/2024,HKD,29.145
Manulife MPF North American Equity Fund,09/04/2024,HKD,29.242
Manulife MPF North American Equity Fund,10/04/2024,HKD,28.934
Manulife MPF North American Equity Fund,11/04/2024,HKD,29.126
Manulife MPF North American Equity Fund,12/04/2024,HKD,28.723
Manulife MPF North American Equity Fund,15/04/2024,HKD,28.376
Manulife MPF North American Equity Fund,16/04/2024,HKD,28.333
Manulife MPF North American Equity Fund,17/04/2024,HKD,28.195
Manulife MPF North American Equity Fund,18/04/2024,HKD,28.140
Manulife MPF North American Equity Fund,19/04/2024,HKD,27.930
Manulife MPF North American Equity Fund,22/04/2024,HKD,28.201
Manulife MPF North American Equity Fund,23/04/2024,HKD,28.581
Manulife MPF North American Equity Fund,24/04/2024,HKD,28.559
Manulife MPF North American Equity Fund,25/04/2024,HKD,28.398
Manulife MPF North American Equity Fund,26/04/2024,HKD,28.757
Manulife MPF North American Equity Fund,29/04/2024,HKD,28.829
Manulife MPF North American Equity Fund,30/04/2024,HKD,28.323
Manulife MPF North American Equity Fund,02/05/2024,HKD,28.665
Manulife MPF North American Equity Fund,03/05/2024,HKD,28.968
Manulife MPF North American Equity Fund,06/05/2024,HKD,29.250
Manulife MPF North American Equity Fund,07/05/2024,HKD,29.308
Manulife MPF North American Equity Fund,08/05/2024,HKD,29.305
Manulife MPF North American Equity Fund,09/05/2024,HKD,29.473
Manulife MPF North American Equity Fund,10/05/2024,HKD,29.499
Manulife MPF North American Equity Fund,13/05/2024,HKD,29.495
Manulife MPF North American Equity Fund,14/05/2024,HKD,29.673
Manulife MPF North American Equity Fund,16/05/2024,HKD,29.943
Manulife MPF North American Equity Fund,17/05/2024,HKD,30.016
Manulife MPF North American Equity Fund,20/05/2024,HKD,30.048
Manulife MPF North American Equity Fund,21/05/2024,HKD,30.147
Manulife MPF North American Equity Fund,22/05/2024,HKD,30.142
Manulife MPF North American Equity Fund,23/05/2024,HKD,29.865
Manulife MPF North American Equity Fund,24/05/2024,HKD,30.026
Manulife MPF North American Equity Fund,27/05/2024,HKD,30.012
Manulife MPF North American Equity Fund,28/05/2024,HKD,29.944
Manulife MPF North American Equity Fund,29/05/2024,HKD,29.681
Manulife MPF North American Equity Fund,30/05/2024,HKD,29.526
Manulife MPF North American Equity Fund,31/05/2024,HKD,29.759
Manulife MPF North American Equity Fund,03/06/2024,HKD,29.822
Manulife MPF North American Equity Fund,04/06/2024,HKD,29.776
Manulife MPF North American Equity Fund,05/06/2024,HKD,30.101
Manulife MPF North American Equity Fund,06/06/2024,HKD,30.085
Manulife MPF North American Equity Fund,07/06/2024,HKD,30.008
Manulife MPF North American Equity Fund,11/06/2024,HKD,30.184
Manulife MPF North American Equity Fund,12/06/2024,HKD,30.408
Manulife MPF North American Equity Fund,13/06/2024,HKD,30.283
Manulife MPF North American Equity Fund,14/06/2024,HKD,30.230
Manulife MPF North American Equity Fund,17/06/2024,HKD,30.442
Manulife MPF North American Equity Fund,18/06/2024,HKD,30.443
Manulife MPF North American Equity Fund,19/06/2024,HKD,30.434
Manulife MPF North American Equity Fund,20/06/2024,HKD,30.417
Manulife MPF North American Equity Fund,21/06/2024,HKD,30.470
Manulife MPF North American Equity Fund,24/06/2024,HKD,30.446
Manulife MPF North American Equity Fund,25/06/2024,HKD,30.552
Manulife MPF North American Equity Fund,26/06/2024,HKD,30.575
Manulife MPF North American Equity Fund,27/06/2024,HKD,30.640
Manulife MPF North American Equity Fund,28/06/2024,HKD,30.530
Manulife MPF North American Equity Fund,02/07/2024,HKD,30.795
Manulife MPF North American Equity Fund,03/07/2024,HKD,30.864
Manulife MPF North American Equity Fund,04/07/2024,HKD,30.862
Manulife MPF North American Equity Fund,05/07/2024,HKD,31.053
Manulife MPF North American Equity Fund,08/07/2024,HKD,31.035
Manulife MPF North American Equity Fund,09/07/2024,HKD,31.028
Manulife MPF North American Equity Fund,10/07/2024,HKD,31.337
Manulife MPF North American Equity Fund,11/07/2024,HKD,31.163
Manulife MPF North American Equity Fund,12/07/2024,HKD,31.319
Manulife MPF North American Equity Fund,15/07/2024,HKD,31.401
Manulife MPF North American Equity Fund,16/07/2024,HKD,31.710
Manulife MPF North American Equity Fund,17/07/2024,HKD,31.262
Manulife MPF North American Equity Fund,18/07/2024,HKD,30.997
Manulife MPF North American Equity Fund,19/07/2024,HKD,30.789
Manulife MPF North American Equity Fund,22/07/2024,HKD,31.085
Manulife MPF North American Equity Fund,23/07/2024,HKD,31.056
Manulife MPF North American Equity Fund,24/07/2024,HKD,30.409
Manulife MPF North American Equity Fund,25/07/2024,HKD,30.377
Manulife MPF North American Equity Fund,26/07/2024,HKD,30.754
Manulife MPF North American Equity Fund,29/07/2024,HKD,30.768
Manulife MPF North American Equity Fund,30/07/2024,HKD,30.766
Manulife MPF North American Equity Fund,31/07/2024,HKD,31.140
Manulife MPF North American Equity Fund,01/08/2024,HKD,30.644
Manulife MPF North American Equity Fund,02/08/2024,HKD,29.854
Manulife MPF North American Equity Fund,05/08/2024,HKD,28.909
Manulife MPF North American Equity Fund,06/08/2024,HKD,29.238
Manulife MPF North American Equity Fund,07/08/2024,HKD,29.085
Manulife MPF North American Equity Fund,08/08/2024,HKD,29.710
Manulife MPF North American Equity Fund,09/08/2024,HKD,29.850
Manulife MPF North American Equity Fund,12/08/2024,HKD,29.774
Manulife MPF North American Equity Fund,13/08/2024,HKD,30.252
Manulife MPF North American Equity Fund,14/08/2024,HKD,30.350
Manulife MPF North American Equity Fund,15/08/2024,HKD,30.882
Manulife MPF North American Equity Fund,16/08/2024,HKD,30.943
Manulife MPF North American Equity Fund,19/08/2024,HKD,31.188
Manulife MPF North American Equity Fund,20/08/2024,HKD,31.110
Manulife MPF North American Equity Fund,21/08/2024,HKD,31.251
Manulife MPF North American Equity Fund,22/08/2024,HKD,30.983
Manulife MPF North American Equity Fund,23/08/2024,HKD,31.387
Manulife MPF North American Equity Fund,26/08/2024,HKD,31.305
Manulife MPF North American Equity Fund,27/08/2024,HKD,31.348
Manulife MPF North American Equity Fund,28/08/2024,HKD,31.141
Manulife MPF North American Equity Fund,29/08/2024,HKD,31.193
Manulife MPF North American Equity Fund,30/08/2024,HKD,31.510
Manulife MPF North American Equity Fund,02/09/2024,HKD,31.499
Manulife MPF North American Equity Fund,03/09/2024,HKD,30.823
Manulife MPF North American Equity Fund,04/09/2024,HKD,30.779
Manulife MPF North American Equity Fund,05/09/2024,HKD,30.707
Manulife MPF North American Equity Fund,09/09/2024,HKD,30.483
Manulife MPF North American Equity Fund,10/09/2024,HKD,30.574
Manulife MPF North American Equity Fund,11/09/2024,HKD,30.843
Manulife MPF North American Equity Fund,12/09/2024,HKD,31.039
Manulife MPF North American Equity Fund,13/09/2024,HKD,31.260
Manulife MPF North American Equity Fund,16/09/2024,HKD,31.331
Manulife MPF North American Equity Fund,17/09/2024,HKD,31.377
Manulife MPF North American Equity Fund,19/09/2024,HKD,31.863
Manulife MPF North American Equity Fund,20/09/2024,HKD,31.730
Manulife MPF North American Equity Fund,23/09/2024,HKD,31.755
Manulife MPF North American Equity Fund,24/09/2024,HKD,31.826
Manulife MPF North American Equity Fund,25/09/2024,HKD,31.694
Manulife MPF North American Equity Fund,26/09/2024,HKD,31.878
Manulife MPF North American Equity Fund,27/09/2024,HKD,31.867
Manulife MPF North American Equity Fund,30/09/2024,HKD,31.915
Manulife MPF North American Equity Fund,02/10/2024,HKD,31.653
